{
  "index": 0,
  "width": 512,
  "height": 512,
  "baseline_m": 1.4083613983494454,
  "fov_deg": 54.040875654174414,
  "fx": 501.98554344764847,
  "fy": 501.98554344764847,
  "cx": 256.0,
  "cy": 256.0,
  "cam_left": {
    "matrix_world": [
      [
        0.9625449180603027,
        0.0610249787569046,
        -0.26416516304016113,
        -0.7041807174682617
      ],
      [
        -0.2711222767829895,
        0.21665237843990326,
        -0.9378456473350525,
        0.0
      ],
      [
        -3.681597526838942e-10,
        0.9743396043777466,
        0.2250828742980957,
        1.2000000476837158
      ],
      [
        0.0,
        0.0,
        0.0,
        1.0
      ]
    ],
    "name": "CamLeft"
  },
  "cam_right": {
    "matrix_world": [
      [
        0.9625449180603027,
        -0.0610249787569046,
        0.26416516304016113,
        0.7041807174682617
      ],
      [
        0.2711222767829895,
        0.21665237843990326,
        -0.9378456473350525,
        0.0
      ],
      [
        3.681597526838942e-10,
        0.9743396043777466,
        0.2250828742980957,
        1.2000000476837158
      ],
      [
        0.0,
        0.0,
        0.0,
        1.0
      ]
    ],
    "name": "CamRight"
  }
}