{
  "index": 1,
  "width": 512,
  "height": 512,
  "baseline_m": 1.3888823277333326,
  "fov_deg": 48.82103298370653,
  "fx": 564.0736394488317,
  "fy": 564.0736394488317,
  "cx": 256.0,
  "cy": 256.0,
  "cam_left": {
    "matrix_world": [
      [
        0.9635182023048401,
        0.06029963493347168,
        -0.2607615292072296,
        -0.6944411396980286
      ],
      [
        -0.2676427364349365,
        0.21707959473133087,
        -0.9387458562850952,
        0.0
      ],
      [
        -2.323361059097806e-08,
        0.9742897152900696,
        0.2252989113330841,
        1.2000000476837158
      ],
      [
        0.0,
        0.0,
        0.0,
        1.0
      ]
    ],
    "name": "CamLeft"
  },
  "cam_right": {
    "matrix_world": [
      [
        0.9635182023048401,
        -0.06029963493347168,
        0.2607615292072296,
        0.6944411396980286
      ],
      [
        0.2676427364349365,
        0.21707959473133087,
        -0.9387458562850952,
        0.0
      ],
      [
        2.323361059097806e-08,
        0.9742897152900696,
        0.2252989113330841,
        1.2000000476837158
      ],
      [
        0.0,
        0.0,
        0.0,
        1.0
      ]
    ],
    "name": "CamRight"
  }
}